-- INSERT PARA CLIENTES

INSERT INTO Clientes (nome, email, telefone) VALUES
('João Silva', 'joao.silva@email.com', '123456789'),
('Maria Oliveira', 'maria.oliveira@email.com', '987654321'),
('Carlos Pereira', 'carlos.pereira@email.com', '234567890'),
('Ana Costa', 'ana.costa@email.com', '345678901'),
('Lucas Santos', 'lucas.santos@email.com', '456789012'),
('Fernanda Lima', 'fernanda.lima@email.com', '567890123'),
('Marcos Almeida', 'marcos.almeida@email.com', '678901234'),
('Patrícia Gomes', 'patricia.gomes@email.com', '789012345'),
('Renato Rodrigues', 'renato.rodrigues@email.com', '890123456'),
('Juliana Ferreira', 'juliana.ferreira@email.com', '901234567'),
('Eduardo Martins', 'eduardo.martins@email.com', '012345678'),
('Rafaela Mendes', 'rafaela.mendes@email.com', '123456780'),
('Diego Rocha', 'diego.rocha@email.com', '234567890'),
('Sofia Cardoso', 'sofia.cardoso@email.com', '345678901'),
('Gabriel Pires', 'gabriel.pires@email.com', '456789012'),
('Clara Ribeiro', 'clara.ribeiro@email.com', '567890123'),
('Tiago Barbosa', 'tiago.barbosa@email.com', '678901234'),
('Bruna Nascimento', 'bruna.nascimento@email.com', '789012345'),
('Vinícius Almeida', 'vinicius.almeida@email.com', '890123456'),
('Luana Azevedo', 'luana.azevedo@email.com', '901234567'),
('Fábio Santos', 'fabio.santos@email.com', '012345679'),
('Larissa Freitas', 'larissa.freitas@email.com', '123456781'),
('Leonardo Dias', 'leonardo.dias@email.com', '234567892'),
('Tatiane Lima', 'tatiane.lima@email.com', '345678903'),
('Victor Hugo', 'victor.hugo@email.com', '456789014'),
('Nathália Cunha', 'nathalia.cunha@email.com', '567890125'),
('André Oliveira', 'andre.oliveira@email.com', '678901236'),
('Isabela Costa', 'isabela.costa@email.com', '789012347'),
('Ricardo Nunes', 'ricardo.nunes@email.com', '890123458'),
('Mariana Ribeiro', 'mariana.ribeiro@email.com', '901234569'),
('Cássio Martins', 'cassio.martins@email.com', '012345680'),
('Débora Silva', 'debora.silva@email.com', '123456782'),
('Jéssica Oliveira', 'jessica.oliveira@email.com', '234567893'),
('Samuel Ferreira', 'samuel.ferreira@email.com', '345678904'),
('Tânia Almeida', 'tania.almeida@email.com', '456789015'),
('Gustavo Lima', 'gustavo.lima@email.com', '567890126'),
('Milena Santos', 'milena.santos@email.com', '678901237'),
('Roberto Andrade', 'roberto.andrade@email.com', '789012348'),
('Marina Dias', 'marina.dias@email.com', '890123459'),
('Felipe Costa', 'felipe.costa@email.com', '901234570'),
('Nicolas Rocha', 'nicolas.rocha@email.com', '012345681'),
('Karla Pires', 'karla.pires@email.com', '123456783'),
('Evelyn Mendes', 'evelyn.mendes@email.com', '234567894'),
('Rodrigo Almeida', 'rodrigo.almeida@email.com', '345678905'),
('Aline Cardoso', 'aline.cardoso@email.com', '456789016'),
('Leandro Freitas', 'leandro.freitas@email.com', '567890127'),
('Cíntia Martins', 'cintia.martins@email.com', '678901238'),
('Natália Silva', 'natalia.silva@email.com', '789012349'),
('Mário Ferreira', 'mario.ferreira@email.com', '890123460'),
('Alessandra Lima', 'alessandra.lima@email.com', '901234571'),
('Filipe Dias', 'filipe.dias@email.com', '012345682'),
('Patricia Cunha', 'patricia.cunha@email.com', '123456784'),
('Thiago Nunes', 'thiago.nunes@email.com', '234567895');

-- INSERT PARA FUNCIONARIOS

INSERT INTO funcionarios (nome, cargo, telefone, endereco) VALUES 
('Pedro castro', 'Serviços gerais', '819830122435', 'Rua Domingues Alves'),
('Maria Silva', 'Gerente', '819876543210', 'Avenida Brasil'),
('Carlos Almeida', 'Vendedor', '819912345678', 'Rua das Flores'),
('Ana Costa', 'Atendente', '819945678123', 'Rua do Comércio'),
('Lucas Santos', 'Analista', '819934567890', 'Praça da Liberdade'),
('Fernanda Lima', 'Coordenadora', '819912345679', 'Rua do Comércio'),
('Marcos Oliveira', 'Motorista', '819918765432', 'Avenida do Sol'),
('Patrícia Gomes', 'Auxiliar', '819923456789', 'Rua das Palmeiras'),
('Renato Rodrigues', 'Técnico', '819910987654', 'Rua da Paz'),
('Juliana Ferreira', 'Estagiária', '819901234567', 'Rua do Porto'),
('Eduardo Martins', 'Supervisor', '819898765432', 'Rua da Independência'),
('Rafaela Mendes', 'Recepcionista', '819889876543', 'Rua do Mercado'),
('Diego Rocha', 'Analista de sistemas', '819878965432', 'Avenida do Trabalho'),
('Sofia Cardoso', 'Desenvolvedora', '819867654321', 'Rua da Alegria'),
('Gabriel Pires', 'Consultor', '819856543210', 'Rua do Comércio'),
('Clara Ribeiro', 'Secretária', '819845678901', 'Rua do Lazer'),
('Tiago Barbosa', 'Diretor', '819834567890', 'Rua do Futuro'),
('Bruna Nascimento', 'Designer', '819823456789', 'Avenida das Artes'),
('Vinícius Almeida', 'Coordenador de vendas', '819812345678', 'Rua da Prosperidade'),
('Luana Azevedo', 'Gestora de projetos', '819801234567', 'Rua da Inovação'),
('Fábio Santos', 'Assistente administrativo', '819790123456', 'Rua da Criatividade'),
('Larissa Freitas', 'Analista financeiro', '819789012345', 'Rua da Economia'),
('Leonardo Dias', 'Marketing', '819678901234', 'Avenida da Comunicação'),
('Tatiane Lima', 'Pesquisadora', '819567890123', 'Rua do Conhecimento'),
('Victor Hugo', 'Treinador', '819456789012', 'Rua do Esporte'),
('Nathália Cunha', 'Assistente social', '819345678901', 'Rua da Solidariedade'),
('André Oliveira', 'Editor', '819234567890', 'Rua da Literatura'),
('Isabela Costa', 'Redatora', '819123456789', 'Rua da Informação'),
('Ricardo Nunes', 'Fotógrafo', '819012345678', 'Rua da Imagem');


-- INSERT INTO PARA AUTORES 

INSERT INTO Autores (nome, biografia, nacionalidade, data_nascimento) VALUES
('J.K. Rowling', 'Autora da série Harry Potter.', 'Britânica', '1965-07-31'),
('George R.R. Martin', 'Escritor da série As Crônicas de Gelo e Fogo.', 'Americano', '1948-09-20'),
('J.R.R. Tolkien', 'Autor de O Senhor dos Anéis.', 'Britânico', '1892-09-12'),
('Agatha Christie', 'Rainha do crime.', 'Britânica', '1890-09-15'),
('Stephen King', 'Famoso autor de terror.', 'Americano', '1947-09-21'),
('Mark Twain', 'Autor de As Aventuras de Tom Sawyer.', 'Americano', '1835-11-30'),
('F. Scott Fitzgerald', 'Autor de O Grande Gatsby.', 'Americano', '1896-09-24'),
('Jane Austen', 'Famosa por seus romances.', 'Britânica', '1775-12-16'),
('Gabriel García Márquez', 'Autor de Cem Anos de Solidão.', 'Colombiano', '1927-03-06'),
('Clarice Lispector', 'Escritora brasileira.', 'Brasileira', '1920-12-10');

-- INSSERT INTO PARA DEPARTAMENTO 

INSERT INTO Departamentos (nome, responsavel, descricao) VALUES
('Literatura', 'Carlos Silva', 'Departamento de literatura clássica e moderna.'),
('Ficção Científica', 'Maria Oliveira', 'Focado em obras de ficção científica.'),
('História', 'José Santos', 'Estudos e livros sobre história.'),
('Biografias', 'Ana Paula', 'Biografias de pessoas notáveis.'),
('Infantojuvenil', 'Roberta Lima', 'Literatura para crianças e adolescentes.'),
('Filosofia', 'Pedro Almeida', 'Obras filosóficas de diversos autores.'),
('Psicologia', 'Luís Mendes', 'Livros sobre psicologia e desenvolvimento pessoal.'),
('Administração', 'Sofia Martins', 'Obras sobre gestão e negócios.'),
('Educação', 'Ricardo Souza', 'Livros educativos e didáticos.'),
('Saúde', 'Juliana Ferreira', 'Literatura sobre saúde e bem-estar.');

-- INSERT INTO PARA LIVROS 

INSERT INTO Livros (ISBN, titulo, idAutor, idEditora, data_publicacao, genero, num_paginas, descricao) VALUES
('9780747532743', 'Harry Potter e a Pedra Filosofal', 1, 1, '1997-06-26', 'Fantasia', 223, 'Primeiro livro da série Harry Potter.'),
('9780553103540', 'A Guerra dos Tronos', 2, 2, '1996-08-06', 'Fantasia', 694, 'Primeiro livro da série As Crônicas de Gelo e Fogo.'),
('9780261102217', 'O Senhor dos Anéis: A Sociedade do Anel', 3, 1, '1954-07-29', 'Fantasia', 423, 'Primeiro livro da trilogia O Senhor dos Anéis.'),
('9780007119318', 'Assassinato no Expresso do Oriente', 4, 1, '1934-01-01', 'Mistério', 256, 'Um clássico de Agatha Christie.'),
('9781451673319', 'It: A Coisa', 5, 3, '1986-09-15', 'Terror', 1138, 'Um dos livros mais icônicos de Stephen King.'),
('9780743273565', 'O Grande Gatsby', 6, 1, '1925-04-10', 'Ficção', 180, 'Romance ambientado na década de 1920.'),
('9780199535569', 'Orgulho e Preconceito', 7, 1, '1813-01-28', 'Romance', 432, 'Clássico da literatura inglesa.'),
('9780307476443', 'Cem Anos de Solidão', 9, 2, '1967-05-30', 'Ficção', 417, 'Obra-prima da literatura latino-americana.'),
('9788525083640', 'A Hora da Estrela', 10, 2, '1977-02-01', 'Romance', 96, 'Um dos grandes clássicos de Clarice Lispector.'),
('9788532510338', 'As Aventuras de Tom Sawyer', 6, 3, '1876-06-01', 'Infantojuvenil', 274, 'Aventuras de um jovem nos EUA.');

-- INSERT PARA EXEMPLARES 

INSERT INTO Exemplares (ISBN, estado, localizacao) VALUES
('9780747532743', 'Novo', 'Estante A1'),
('9780553103540', 'Usado', 'Estante B2'),
('9780261102217', 'Novo', 'Estante C3'),
('9780007119318', 'Usado', 'Estante D4'),
('9781451673319', 'Novo', 'Estante E5'),
('9780743273565', 'Usado', 'Estante F6'),
('9780199535569', 'Novo', 'Estante G7'),
('9780307476443', 'Usado', 'Estante H8'),
('9788525083640', 'Novo', 'Estante I9'),
('9788532510338', 'Usado', 'Estante J10'),
('9780199535569', 'Danificado', 'Estante K1'),
('9780307476443', 'Novo', 'Estante L2'),
('9788532510338', 'Usado', 'Estante M3'),
('9780747532743', 'Novo', 'Estante N4'),
('9780007119318', 'Novo', 'Estante O5'),
('9781451673319', 'Danificado', 'Estante P6');


-- INSERT INTO PARA AREAS DO CONHECIMENTO

INSERT INTO AreasConhecimento (descricao) VALUES
('Literatura Clássica'),
('Literatura Moderna'),
('Ficção Científica'),
('Ficção Fantástica'),
('Romance'),
('Biografias'),
('História'),
('Psicologia'),
('Educação'),
('Saúde');

-- INSERT INTO PARA PALAVRAS CHAVES

INSERT INTO PalavrasChave (descricao) VALUES
('Ficção'),
('Aventura'),
('Mistério'),
('Terror'),
('Romance'),
('Clássico'),
('Educação'),
('Infantil'),
('Histórico'),
('Cultura');

-- INSERT INTO PARA PEDIDOS VENDAS

INSERT INTO PedidosVendas (idCliente, dataTransacao, statusPedido, detalhePagamento) VALUES
(1, '2024-01-15', 'Pago', 'Cartão de crédito'),
(2, '2024-01-16', 'Pendente', 'Boleto'),
(3, '2024-01-17', 'Cancelado', 'Cartão de débito'),
(1, '2024-01-18', 'Pago', 'Transferência'),
(4, '2024-01-19', 'Pago', 'Cartão de crédito'),
(2, '2024-01-20', 'Pendente', 'Cartão de crédito'),
(5, '2024-01-21', 'Pago', 'Boleto'),
(6, '2024-01-22', 'Cancelado', 'Transferência'),
(7, '2024-01-23', 'Pago', 'Cartão de crédito'),
(8, '2024-01-24', 'Pendente', 'Cartão de débito');

-- INSERT INTO PARA INDEXACAO 

INSERT INTO Indexacao (ISBN, codigoPalavra) VALUES
('9780747532743', 1),
('9780553103540', 2),
('9780261102217', 3),
('9780007119318', 4),
('9781451673319', 5),
('9780743273565', 6),
('9780199535569', 7),
('9780307476443', 8),
('9788525083640', 9),
('9788532510338', 10);

-- INSERT INTO PARA OBRAS 

INSERT INTO Obras (titulo, data_publicacao, autor) VALUES
('Dom Casmurro', '1899-04-01', 'Machado de Assis'),
('O Guarani', '1857-01-01', 'José de Alencar'),
('O Primo Basílio', '1878-01-01', 'José Maria de Eça de Queirós'),
('A Moreninha', '1844-01-01', 'Joaquim Manuel de Macedo'),
('A Escrava Isaura', '1875-01-01', 'Bernardo Guimarães'),
('Iracema', '1865-01-01', 'José de Alencar'),
('Senhora', '1875-01-01', 'José de Alencar'),
('A Pata da Gazela', '1872-01-01', 'Mário de Andrade'),
('Memórias de um Sargento de Milícias', '1852-01-01', 'Manuel Antônio de Almeida'),
('O Cortiço', '1890-01-01', 'Aluísio Azevedo');

